name,phone
Silkrise Construction,+44 161 791 2676
SB contracts,
MSB Joinery,+44 7929 931818
Meridian Construction & Refurbishments Ltd,+44 161 676 2021
Manchester Contractors,+44 800 001 6720
The Handyman Company Manchester.,+44 7377 434555
GetHandyTrades,+44 7379 222806
KWS Builders Ltd,+44 7404 155474
Renovation HighRollers General Contractor,+44 7350 080717
Amey,
Frank Plumbing Services Ltd,+44 7457 423606
The Mancunian Handyman,+44 7895 323075
"Manchester Constructions | Home Extensions, Renovations and Joinery Services",+44 7886 345667
SJS Drainage Services,+44 7828 493382
Local Plumbers and Heating,+44 7462 009448
AAA Security Shutters,+44 161 706 1118
M.Ashworth Electrical Ltd.,+44 7311 798236
Risat Pluming Services,+44 7413 889689
Northwest Cleaning Experts LTD,+44 7985 771996
BOLT RESTORATION LTD,
Concept Bathroom Design,+44 7881 525978
D Deep cleaning Services ltd,+44 7459 416262
Spring Staffing Cleaning Services Ltd,+44 7493 756203
Heating and Plumbing Nationwide,+44 7969 547382
ALLCLEAR,+44 1827 896114
Wideway Global Limited,+44 7578 966611
Brightup Professional Cleaning Services Limited,+44 7404 777396
Glowup For People,+44 7541 982552
Forge Plumbing & Heating,+44 7404 832911
Feliclean,+44 7400 661133
Deepfresh Service UK Ltd,+44 7404 878868
One Expert Cleaning Services,+44 7908 975933
WilloPlumb,+44 7795 096966
Alltite Roller Shutters,+44 161 681 6775
Fleurets,+44 161 683 5445
Sharon Bentley integrated cleaning services,+44 7770 564030
TER Cleaning Services,+44 7961 917419
Pureshine Cleaners Manchester,+44 161 568 3324
CleanmoveExperts cleaning Services,+44 7424 235043
Welgo Builders Ltd,+44 161 459 7003
MOBIN BUILDING LTD,+44 7400 206090
W.K.B Plumbing AND HEATING,+44 161 720 9898
TeamOne solutions LTD,+44 7730 569750
Lomacom Cleaning Services,+44 7769 622171
Rota Removals,+44 7359 226822
Anstey Horne,0161 528 7690
Branwoods Roof & Building,+44 161 394 1494
C&R Property & Construction Ltd,+44 7528 989995
Alberti Lupton Co Ltd,+44 161 681 1272
Broadhurst Park,+44 161 769 2005
Brentwood Lettings,+44 161 681 3724
Create It Studio Architects,+44 161 521 3234
M1 Architecture,+44 330 311 9695
Jeffrey Jordan Architects,+44 161 823 1181
Grant Erskine Architects Ltd,+44 161 236 9761
Architecture Unknown Ltd,+44 7894 012780
AEW Architects | Manchester,+44 161 214 4370
BARCX,+44 7533 142213
5plus Architects,+44 161 228 0211
DSquare Architects,+44 161 222 3734
Clarkes Bespoke Design Ltd,+44 7402 266305
The Sharp Project,+44 161 205 5508
NADA Architects,+44 161 635 0310
AHR Architects | Manchester,+44 161 828 7900
Triangle Architects Ltd,+44 161 272 3500
AFL Architects,+44 161 236 6263
Define Architects,+44 161 528 9492
Dimension Architects,+44 7784 550617
BDP,+44 161 828 2200
Valery Home Decor,+44 7447 937443
Hawk Appliances Limited,+44 161 399 9807
G4orce Tree Co,+44 161 394 1358
Abode Ltd Property Management Blackley,+44 161 883 1886
Aubrey Lee & Co. Blackley,+44 161 720 8108
Ampa Construction,+44 161 222 0338
Kris Construction Ltd,+44 161 388 7551
Bespoke Building Contractors Ltd,+44 7810 544583
Pinnacle Builders,+44 7907 248427
Coffey Construction Ltd,+44 161 266 1177
JW Civils,+44 1695 411574
Andy Walker Construction Co.,+44 7833 941743
Dream Construction Group - Extensions Builders,+44 7300 300099
Beyoot Property Group,+44 161 531 4114
E&E Building Solution Ltd,+44 7578 323363
GC Construction (UK) Ltd,+44 161 833 3470
Etihad Construction LTD,+44 161 917 4591
Intra City Construction Group Ltd,+44 330 118 0691
Clarke & Co Estate Agents,+44 161 682 5300
Manchester & Cheshire Dogs' Home,+44 300 102 1212
"Contact Tyres- MOTs, Services, Hunter wheel alignment, Air con re gas",+44 161 637 1311
Drainage Wythenshawe Blocked Drains,+44 161 738 1980
Cleanfix Contract Services ltd,+44 7553 080832
South Manchester Gate & Barrier Ltd,+44 161 613 1000
TK Elevator - Manchester,+44 1942 263580
E & S Electrical Services,+44 7563 217067
Yopa Estate Agents Sale & Trafford,+44 7980 465760
MAIKOFF Kitchens,+44 7460 159102
CCS Cleaning - UK,+44 161 820 9967
AQORD Limited,+44 161 611 7171
Zacharie Pearson Painting and Decorating,+44 7812 454904
Manchester Airport Drop Off Area T2,+44 345 017 5046
Key Surveys Ltd,+44 161 266 1002
Plumbulance,+44 7835 309934
Voyager House,
Flame247 - Gas Plumbing & Heating,+44 7477 582542
Adam Home Extensions & Building Construction,+44 7414 436122
Bowmer + Kirkland - MANCHESTER,+44 161 493 1880
DHC Utilities,+44 7753 259174
TrueSparkle Services,+44 7960 115920
SmartyMoves,+44 7482 053493
Costain,+44 161 910 3444
Bureau Veritas UK Ltd,+44 161 446 4600
Horizon Heating And Technical Services Ltd,+44 161 327 4393
Digital Asset Solutions,
Homezone,+44 7782 747027
N&G Plumbing & Heating,+44 7912 663252
Plumbing 24 Hours | Get an Appointment,+44 330 043 9151
Green Motion Car & Van Rental - Manchester Airport,+44 161 260 0420
JS North West Plumbing and Heating,+44 7508 057162
Storage World Self Storage Hale & Wilmslow,+44 161 401 7777
Office Removals Cheshire,+44 7500 149729
JD Property Services LTD,+44 161 359 9199
Bespoke Contract Services Limited,+44 330 088 7000
S Egan Building & Property Maintenance,
MBH Services,+44 161 738 1498
M Property Maintenance Ltd,+44 7403 200930
Donelan Property Maintenance,+44 161 543 6320
MS&I property maintenance,
City Centre Maintenance CCM,+44 161 283 3352
AJS Property Services,+44 7493 109341
kpk facilities ltd,+44 7754 930070
Edge Property Management,+44 161 945 6919
EMCOR UK,+44 845 200 2513
Wiles Tree Surgeons,+44 7944 241223
Swissport Maintenance Manchester,+44 161 499 6700
Atlas Business Park,
"Blu Room Architecture, Manchester",+44 7760 364894
Timber Focus Ltd,+44 1782 228848
M & M Office Cleaning Services,0161 832 4822
"Regus - Manchester, Airport",+44 800 060 8702
Concord Business Park,+44 161 235 8998
Swissport Cargo Services,+44 161 499 6700
Business operations and support services for Clinicians,+44 7747 796848
HouseTurn,+44 161 706 3086
Evolutum Limited,+44 161 266 1012
DoubleTree by Hilton Manchester Airport,+44 161 435 3000
KJL Builders Manchester,
RAFFERTY Build & Fit-Out Contractor Manchester,+44 161 524 4036
MPR Site Services Ltd,+44 161 327 1686
Manchester Roofing Contractors Ltd,+44 161 401 4042
Imperial construction and Engineering,
Kwix4 Building and Construction Services,+44 7470 854454
Renaker,+44 161 245 1150
WHL Projects,+44 161 820 1225
ECR Construction Ltd,
KP Ceilings Ltd,+44 161 635 1984
Mian Abdul Jabbar & Co UK Ltd,+44 7440 421085
Suspended ceilings Manchester,+44 161 635 1984
Daniel Owen Ltd,+44 161 886 9670
Potato Wharf Construction Office,
MCG Construction – Specialist Construction Recruitment Agency Manchester,+44 161 870 1990
Manchester Demolition,+44 161 531 5309
Hurstwood Holdings,+44 161 220 1999
CEMEX Gorton Concrete Plant,+44 345 155 9265
Landwood Group,+44 161 710 2010
Manchester Kitchen Fitters,+44 161 524 2164
Roger Hannah,+44 161 568 0158
Nortons Cabins,+44 161 277 8492
Rosmara Development Group Ltd,+44 161 527 4028
Zentra Group PLC,+44 161 806 1498
Cole Waterhouse,+44 161 464 7395
Glenbrook Property,+44 161 832 7601
Street Group,+44 161 464 5730
Panacea Property Development,
CERT,+44 161 806 0015
Castle Wharf,+44 7594 516467
MCR Property Group,+44 161 274 3330
Global Lettings and Management,+44 161 457 0066
Urban Splash,+44 161 839 2999
4 Angel Square,
M3 Building,
Victoria Riverside,
Zodiac Commercial Refurbishments,+44 161 388 5506
Manna Construction Group,+44 161 773 2927
Select Interiors (Cheshire) Ltd,+44 161 445 4040
Jegar Builders Group,+44 7988 776050
Workspace Design & Build,+44 161 710 3700
SHS Construction,+44 7399 990215
Overbury plc,+44 161 829 3400
Manchester Plumbing and Building Enquiries,+44 7883 916707
Conclusive Property Services,+44 333 577 0406
Ceramic Solutions,+44 7535 038200
Centurion House - Bruntwood SciTech,+44 161 834 8120
Reside Manchester,+44 161 837 2840
Julie Twist Properties - Manchester Estate Agents,+44 161 834 8486
Autodeutsch,+44 161 205 2732
Edward Carter Properties - Manchester Letting Agents | Property Management,+44 161 401 1234
Hilton Smythe,+44 161 870 5637
MCR Move Ltd,0161 248 6277
Savills Manchester Booth Street,+44 161 236 8644
Boulton House,
"North Property Group Manchester - New Build Sales, Property Investment & Lettings",+44 161 524 5202
Oktra,+44 161 676 1900
Site Snagging Inspections Manchester,+44 7814 838314
Proici Commercial Interiors,+44 161 871 0455
Urban Connect,+44 161 470 7180
Penketh Interiors,+44 161 200 6990
Randstad Construction & Property Recruitment Agency - Manchester,+44 161 245 3630
Sorted. Property Maintenance Group,+44 7481 909711
Opus4,+44 161 402 3340
Proici Office Interiors,+44 800 043 4516
Omar’s Man And Van Services,+44 7833 100017
Citi Housing UK (Pvt) Ltd Manchester Office,+44 800 410 1888
Greater Manchester Handyman Same Day Service,+44 7455 980570
T2 Storage Solutions Ltd,+44 161 871 0453
Gleeds Manchester,+44 161 907 3880
PorthouseDean Structural Engineers,+44 161 820 3230
Countrywide Home Surveys,+44 808 169 8400
W T Gunson Chartered Surveyors,+44 161 833 9797
Romelec Electrical Limited,
Circle Square - Bruntwood SciTech,+44 161 233 7878
Bruntwood SciTech,+44 800 731 0300
Apo at Angel Gardens,+44 161 989 4200
Focus Commercial Ltd,+44 161 804 4950
"One Port Street, Manchester",+44 161 504 8252
urbanbubble,+44 161 236 3344
Scanlans Property Management LLP,+44 161 236 8888
Magchi property management,+44 161 524 7681
Keppie Massie,+44 161 237 9044
Livingway UK,+44 161 711 1222
Superior Resindrives,+44 161 327 1548
Sapphire Garage,+44 161 202 8680
Livingcity,+44 161 274 1400
Zenith Management Ltd,+44 161 245 1166
Manchester Breakdown Services Ltd,+44 161 273 2000
Mastermind Contractors,+44 7455 025760
IRON BEE LTD Construction,+44 7311 040401
NNJ Enterprise Limited,+44 7548 266404
La construction nw ltd,+44 161 451 5112
Construction Point Limited,+44 161 714 4034
Kash Builders Mcr,+44 7882 743845
Design ltd,+44 161 738 1960
SIAL BUILDERS MANCHESTER,+44 7542 538635
Cosmor Groundworks Limited,+44 161 870 4690
Fisher German Manchester Property Consultant,+44 161 839 5515
Express Estate Agency,+44 333 016 5458
The Letting Agent,+44 161 834 0801
Buckley Frayne,+44 161 236 0004
Dr. D’s Mobile Motorcycle Mechanic,+44 7311 004222
North West Lettings,+44 161 237 1301
Mason And Marlowe,+44 161 706 2232
"AMS Solutions - Power, Fire, Safety, EV Charging Points",+44 1204 216955
Ascend Properties Manchester,+44 161 637 8336
Fansco Construction Ltd,+44 7766 517956
Gujrat Construction Ltd,+44 161 302 5118
L Ryan Construction Ltd,+44 161 224 6503
Quinn Groundworks and Conctruction NW LTD,
National Trust - Castlefield Viaduct,
Project Simply,+44 161 408 1023
ACOM Property,+44 161 507 6464
Sky Gardens,
Belview,+44 161 296 8655
Urban Splash,+44 333 666 9999
Hilton House,
JLL Manchester Real Estate,+44 161 828 6440
NRLA - National Residential Landlords Association,+44 161 962 0010
Silverchip Ltd,+44 161 713 2434
Cheetham & Mortimer,+44 161 832 3375
City Gardens,+44 1625 583541
BWP Building and Project Consultants,+44 161 236 8133
Benoit Properties International LTD,+44 161 250 5300
Property Maintenance East Manchester,
Wayne Smith Property Repairs,+44 7770 863327
Winn Homes,+44 7550 553991
B & A Properties Ltd,+44 161 257 0007
GM Lets Limited,+44 7525 620548
Lancashire Properties,+44 161 425 0207
Tryus property maintenance person Ltd,+44 7848 447484
MA Properties & Management (Manchester property management),+44 161 706 0400
Bricks Properties Ltd- Sell and buy houses,+44 161 804 3480
Mustafa & Co Property Management,+44 161 312 7272
Madina Property | Letting & Estate Agents,+44 161 225 1234
DKJ Building Services,+44 161 256 3553
Sahi Properties Ltd,+44 161 394 1459
Cheshire Homes Group,+44 161 256 4466
wudl,+44 161 225 4000
Sterling Roofing Contractors Ltd. - Manchester,+44 161 390 0513
P J M Construction,+44 161 225 9088
Fixzie Group,+44 161 820 4406
Sync HQ,+44 161 605 3838
Fred Aldous Ltd,+44 161 236 4224
Leaders Letting & Estate Agents in Manchester,+44 161 834 3444
Basic Welding Ltd - Your One Stop Shop !,+44 161 223 1843
B&Q Cheetham Hill,+44 333 014 3529
Archer Window Cleaning,+44 161 870 6503
Pest Control Manchester,+44 161 210 2536
The Watch Lab,+44 161 835 1222
Boots,+44 161 832 6623
ASR Projects Mcr,+44 7929 052729
Dream Crafters,+44 7496 139999
Mawal Builder LTD - Extension Builder,+44 7736 738383
XionTech Ltd,+44 7901 051125
Awan building solutions ltd,+44 7404 757776
Manchester roofing repairs ltd,+44 7464 975671
Mahbub Builders,+44 7809 499066
"Architek - Architectural Design Services, Home Extensions, Loft Conversions, Planning Applications in Manchester",+44 161 511 8479
Lockforce Locksmith Manchester,+44 161 410 0651
We Build Recruitment,+44 161 519 8584
Zerum Consult Limited,+44 161 667 0990
Rendall & Rittner,+44 161 470 2900
X1 The Plaza,+44 161 669 7070
OBI Property,+44 161 237 1717
Kingsdene Estate Agents Manchester,+44 161 238 7400
Dantzic,+44 7467 856904
Piccadilly East by Capital&Centric,+44 161 222 0204
Refurb-Ed,+44 161 883 7456
Almadina Properties Services LTD,+44 161 225 5558
Manchester Rent A Home,+44 161 250 3036
Mcr property maintenance & construction services ltd,+44 7534 045459
Central Properties,+44 161 224 3044
Fixer Mate,+44 7300 296898
Manchester chimney chiefs ltd,+44 7376 600057
"Kingsway Windows Ltd - uPVC Double glazing Windows, Doors, Conservatories, Porches Manchester",+44 161 302 0419
Trafford Haulage,+44 161 300 1902
RV,
Gujar houde,
Kingsway Home Solution Ltd,+44 7448 175418
Etihad Properties Ltd,+44 161 248 5220
Al Noor Construction & Joinery Services,+44 7899 954881
Plymouth Village - Sam Properties,+44 161 610 8383
Amir's Electrical,
NORTHWEST DISTRICT CONTRACTORS LTD,
RAPIDFIXIT,+44 161 272 7774
N W Bathrooms & Property Maintenance Limited,+44 7771 357727
Buraq Estates,+44 161 248 4585
Ash Residential,+44 161 225 2500
A 2 Z Properties,+44 161 256 4848
Longsight Plumbing And Heating Services,+44 161 524 1503
Jupiter Properties (Manchester) Limited,+44 161 425 8893
Building service & extensions A.K,+44 7872 623157
Desh Properties limited,+44 161 870 9608
Excel Driveways,+44 161 431 3474
Hifi Removals Manchester,+44 7574 782189
The Glazing Experts Manchester,
Crane Service Manchester,+44 161 543 0522
Parrswood Fencing & Landscaping,+44 7527 767595
House Manchester,+44 161 220 6030
MCR Properties,+44 161 425 0708
1 Click Move Property Management,+44 161 273 1919
Property Result Manchester,+44 161 920 6440
Drake & Co,+44 161 224 2134
Crossway Estates,+44 161 257 2895
Sweet Homes Property,+44 161 258 7266
The Cleaning Services Group Ltd,+44 7896 357587
Master Gardening & Landscaping Services,+44 7919 179235
Thornley Groves Estate & Letting Agents - Fallowfield,+44 1244 988822
Peter Anthony,+44 161 257 2441
Mcr signs LTD,+44 7588 883183
Manchester Appliances,+44 161 256 2562
Great Removals LTD,+44 7990 332388
Jannat Stores,+44 800 999 1318
KINGSWAY REMOVALS LTD Manchester,+44 161 302 0419
Manchester Paint Stripping,+44 161 312 1242
Colours of Jhangir&Brothers,+44 7459 375222
Amin Van Manchester,+44 7421 837553
Four Architects Limited,+44 161 470 7969
Common Practice,+44 161 531 1471
10architect Ltd,+44 161 605 0904
Seed Architects,+44 161 832 5750
Pink Skips Manchester,+44 161 224 4222
KLS Contracting Ltd,+44 7771 177876
OBS Construction,
Majestic Home Services,+44 7827 535275
ZR Home Construction LTD,+44 7861 594060
Jjbuliders Manchester ltd,+44 7473 002345
EastWest Builder LTD.,+44 7459 930045
Removal Service Manchester,+44 7557 300783
Buil my way,+44 7899 551617
AB AutoGlaze Manchester,+44 7908 095697
Green City Construction,+44 800 001 6640
Sanderson James Estate and letting Agents in Gorton,+44 161 231 0808
"Nicholas Humphreys Letting and Estate Agents in Fallowfield, Manchester",+44 161 300 9180
K2K Properties,+44 161 231 8859
All Minor And Major Maintenance,+44 7379 822988
J&P Outdoor Solutions,+44 7922 612143
Griffin Property Services & Maintenance,
Black Stone Estate Agents,+44 161 224 2999
RoyalPainters,+44 7757 179203
Brickell A & Sons,+44 161 225 3765
Heaton Square Ltd,+44 161 432 6000
HORIZON | Fletcher-Rae,+44 161 242 1140
Atelier MB,+44 161 236 0051
L D Windscreens Manchester,+44 7746 270730
Bricksee,+44 7309 669358
D.P.L.plastering,+44 7724 375672
D.P.L.plastering,+44 7724 375672
D.P.L.plastering,+44 7724 375672
Asbestos Testing & Removal Manchester,+44 161 399 1920
Man and van manchester,
M20 Property Group Ltd,+44 7767 600006
Newlook Services - Painter | Decorator in Denton,+44 7772 639966
Hands On Mcr,+44 7368 371884
ARC Locksmiths,+44 161 256 2551
Roots up,+44 7401 664709
D&J Maintenance,+44 7943 479590
Elevate,+44 330 058 1905
Buttress Architects Ltd,+44 161 236 3303
Joe&Co Architects,+44 7468 486198
Northmill Associates Ltd,+44 161 839 4411
House Architects Manchester,+44 161 413 8441
Seven Architecture,+44 161 236 5655
Tim Groom Architects,+44 161 870 1152
Bate & Taylor Architects,+44 161 236 0999
Fairhurst Architects,+44 161 831 7300
Sheppard Robson,+44 161 233 8900
Andrew Jackson Architects,+44 7780 031640
tp bennett Manchester,+44 161 694 7700
Hawkins\Brown,+44 161 641 5522
Strzala Architects Ltd,+44 161 236 5866
Jon Matthews Architects,+44 161 974 3690
Stride Treglown Manchester,+44 161 832 9460
hodder+partners,+44 161 832 9842
Corstorphine & Wright Architects,+44 161 272 8100
Purcell,+44 161 300 7747
Jeffrey Bell Architects,+44 161 228 0651
Halliday Meecham,+44 161 661 5566
SimpsonHaugh,+44 161 835 2345
DMWR Architects Ltd,+44 161 413 4656
GA Studio,+44 161 835 3538
MCAU,+44 161 974 7203
Falconer Chester Hall Architects Manchester,+44 161 711 0960
Manchester School of Architecture,+44 161 247 1751
Levitt Bernstein,+44 161 669 8740
Fuzed Architecture & Design,+44 161 724 8006
Guy Taylor Associates,+44 161 826 1042
DEP Landscape Architecture Ltd,+44 161 241 9878
stephenson hamilton risley STUDIO,+44 161 832 0244
Chapman Taylor,+44 161 828 6500
UMC Architects,+44 161 413 0590
Nick Moss Architects,
Space Zero,+44 161 834 2399
Up North Architects,+44 161 237 1871
12/23 Architecture Design Ltd.,+44 161 711 0584
Pen Studios,+44 161 870 2555
DAY Architectural Ltd,+44 161 834 9703
ESA Architecture,
Goodchild Design Partnership,+44 161 850 8586
rbmp,+44 161 706 0158
CODA Manchester,+44 161 660 2542
jmarchitects,+44 161 200 6300
Studio Maurice Shapero,+44 7830 153229
TXTURED,+44 161 399 0037
Mlp Design,+44 345 257 4121
Harrison Ince Ltd,+44 161 236 3650
AGB CAD Services,+44 7912 090125
Our Studio,+44 161 237 1900
EPR Architects,+44 161 519 4910
PHAUS,+44 161 222 5141
Williams Architecture,+44 161 839 4170
Abu Jarad ltd,+44 7360 672330
AR BUILDWORKS,+44 7577 296603
GS Construction,+44 161 915 8625
Byrne Civil Solutions Ltd,+44 161 231 7700
BAM Nuttall Grimshaw Lane Compound,
Manchester & Ashton Roofing Co.Ltd,+44 161 370 6571
Manchester driveways ltd,+44 7585 551012
ADP,+44 161 238 9460
Cartwright Pickard,+44 161 914 7444
Zero Gravity Design,+44 161 758 0035
Denton Corker Marshall,+44 161 834 3511
Sheila Bird Studio,+44 161 832 0832
AXI,+44 161 879 7357
Feilden Clegg Bradley Studios,+44 161 883 2544
The CAD Room Ltd,+44 161 427 0348
Randall Thorp,+44 161 228 7721
Donald Insall Associates,+44 161 359 4326
CW Studio Ltd,+44 161 464 3895
Aa Architecture Ltd,
74,+44 161 237 5197
Field of Vision - Manchester,+44 161 839 3121
Stantec,+44 161 245 8900
The Antique Fireplace Restoration Company,+44 161 225 8967
BCS Car Spares Vauxhall + Ford parts,+44 161 223 4444
Edgefield Green - Your Housing Group,+44 161 826 6958
Active Constructions Ltd,+44 161 307 9334
Royal Gardening Services,+44 7947 800888
Leaders Letting & Estate Agents Fallowfield,+44 161 249 2820
NSS Nationwide Specialist Services - Manchester,+44 161 223 8100
Mow N Go Garden & Landscape Services,+44 7460 284744
Jobs Done Ltd,+44 7426 331685
Happy Homes,+44 161 438 4700
Happy Homes,+44 161 438 4710
Atlas property solutions (NW),+44 7478 854404
Revere 3D,+44 161 464 4248
Millson Group,+44 161 228 0558
CGI Works | Architectural Visualisation,+44 161 710 4113
Uppal Design,+44 330 133 2883
Pen Paper Architect,+44 7307 389822
Inner city Property Maintenance,+44 7833 626304
Global Facility Management MCR Limited,+44 161 669 0880
Luminare Services,+44 161 524 8139
Knapp Facilities Management,+44 7507 376818
The Housing Disrepair Guys,+44 161 524 7510
Ametros Facilities Management Ltd,+44 845 301 6467
L.E Property Group,+44 161 531 1898
Trade Local Limited,+44 7927 318461
Cavalry Home ltd,+44 161 537 0590
The HMO Hub Ltd,+44 161 706 1215
Synergy Estates,
Delight Management Services,+44 7400 587788
Able Group,+44 344 659 6123
Emeritus Homes,+44 161 641 9458
My man and Van Manchester/Vmove Removals,+44 7429 312833
O'Brien Property Maintenance,+44 7931 389167
G S GENERAL SERVICE LTD,+44 333 888 0283
Zodiac Plumbing & Heating Solutions (Manchester),+44 161 388 5506
Fixian,+44 7415 059025
River Irk,
Mini Digger,+44 7709 865779
Fisher Scaffolding,+44 7866 536957
Plumlife Homes,+44 161 447 5050
Onward Living,+44 300 555 0130
L A Property Discovery LTD,+44 161 510 9555
Pearson Ferrier Cheetham Hill,+44 161 740 0997
Elysian Builders,+44 7474 460138
SalfordEPC,+44 7438 107470
JRB Electrical Ltd,+44 161 751 7051
D&A Sutor Bros ltd,+44 7594 336847
MMR Group,
Gecko Homes,+44 330 995 1333
The urban gardener,+44 161 861 0199
Onward Homes - Head Office,+44 300 555 0600
Great Places Housing Group - HQ,+44 300 123 1966
Manchester Plumbing Services LTD,+44 7759 403828
Chorlton Place Care Home,+44 333 999 8498
Jacobs Construction and Property,+44 7824 669224
Consort Group,
All Inside Construction Ltd,+44 161 792 1980
Amco Management,+44 161 773 3978
Floorspace,+44 161 434 7433
Julian Wadden Estate & Letting Agents - Didsbury,+44 161 506 4041
Stepfix,+44 161 820 5282
Caring Hands Solutions,+44 161 915 3374
F Massa Joinery,+44 161 798 4852
Trafford Builders Limited,+44 161 282 3101
Pavilion Property Holdings Ltd,+44 161 566 4120
HBL Associates,+44 161 432 9977
Safety First gas services Ltd,+44 7460 162247
Grovewell,+44 161 706 1747
Equans,+44 161 876 6000
PRIMEFIX BUILDERS UK LTD,+44 7342 445258
Range Plastering,+44 7307 896615
Broderick Group Limited,+44 800 995 6000
Gifford Dixon Commercial Property,+44 161 667 1317
O'Connor's joinery,+44 7867 416338
Electric-Call Services Limited,+44 161 637 0734
Weed Warriors Garden Services (Manchester),+44 7967 219529
Bespoke UPVC Sprayers LTD,+44 800 037 0658
Greener Amps Ltd,+44 7429 505778
Donelan Property,+44 330 041 4578
My Plumbers Didsbury,+44 161 410 2470
Apex Roofing and Building Contractors,+44 7554 816936
MCR Heating and Plumbing ltd,+44 7398 198853
Weed Warriors Garden Services,+44 7967 219529
Founder Creative,+44 161 706 0782
Wythenshawe Hall,
WJ Home Repairs,+44 7723 355692
RovaEdge Group,+44 7377 951876
Glass Repairs Manchester,+44 161 694 6202
Crumpsall Plumbers & Builders Merchants,+44 161 702 1915
Tommy's Tyres LTD & 24hr Mobile Tyre Fitting,+44 7831 818505
Manchester Carpet Fitters,+44 7494 087222
DM Tyres MCr Ltd,+44 161 740 7797
A1 Jewellers,+44 161 721 4924
Datum Construction Ltd,+44 7895 117012
Strata Construction Solutions,+44 7572 961753
CDR Construction 2019 Ltd,+44 7871 010003
A&D Construction,+44 7479 422978
g&j northwest ltd,+44 7444 461006
Newgenkitchens,+44 7908 874217
SecondFix Co.,+44 7555 300456
House Extensions Manchester Homes Builders,+44 7872 184180
PaveTar construction ltd,+44 800 747 1648
KDC Veolia Decommissioning Services UK Ltd,+44 161 947 2150
Vanquish Waste Removal & Recycling,+44 7563 865159
Reeds Rains Estate Agents Didsbury,+44 161 434 7934
PK Cleaning,+44 800 808 5844
Wythenshawe Handyman,+44 161 410 4321
PJJ Cleaning Services – House & Office Cleaning in Manchester,+44 7919 275003
RY Garden & Landscaping,+44 7909 335826
All in1 Trades,+44 7904 208267
Windows 4 Life UK,+44 7828 995776
Keeping Manchester Clean,+44 161 636 9210
Quantum Group NW,+44 161 714 4477
Home4Every1,+44 7864 651136
Man With A Van,+44 7974 640181
Sentrex Services UK Ltd,+44 161 524 0112
Gas Wright Services,+44 7760 160289
CC Harrison,+44 7414 003795
Willow building and resin drives,+44 7736 733572
MMR Removals,+44 7830 942077
Willow building and resin drives,+44 7736 733572
Altrincham Flooring,+44 161 710 2660
Vince Ward Gardens,+44 7510 931528
Ace Car Electrics,+44 7773 516163
Genie's Plumbing & Heating Experts,+44 7833 606982
Sephton Joinery,
A&S Contractors LTD,+44 7852 503283
Fine Finish Builders,+44 7957 878328
Ideal Property Group,+44 161 434 5556
AMH Construction & Demolition,+44 7348 945102
LLW construction,+44 7766 044419
H&Z Builders Ltd,+44 7429 014632
Docherty Project - Great Places Housing Group,+44 300 123 1966
MAP Electrical,+44 7466 889440
Flax & Co.,+44 161 434 0022
Wellington Garage Ltd,+44 161 445 7159
AG WALKER - Window Cleaning Manchester,+44 7766 543074
J G Joinery,+44 161 740 0686
Lion Grass,+44 161 823 2025
Videogem Television Video & Radio Servicing,+44 161 434 6893
Hendham Vale Industrial Park,
Nct Developments Ltd,+44 7729 976026
RF Reinforcement,+44 7387 377899
Reinstate - Your Water Damage Repair Co - Drying and Reinstatement,0333 577 9255
Car Finance 247,+44 333 247 1247
Active Care Clinic (BEAT BACK PAIN),+44 161 425 2893
D W Roofing,+44 7721 517198
Arawak Walton Housing Association,+44 161 272 6094
R P Sports Injuries & Wellness Clinic,+44 161 834 1202
MY Sports Injury | Physiotherapy | Chiropractic in Manchester,+44 161 524 4339
Manchester window cleaners Ltd,+44 161 280 3540
HMG Paints Ltd,+44 161 205 7631
Quick Drains Manchester,+44 7486 878899
Ancoats Gardens,+44 161 228 6633
MeadowSide Manchester,+44 161 509 7800
Roma Finance,+44 161 817 7480
Total Heat & Bathrooms,+44 7766 278280
Selco Builders Warehouse,+44 161 276 1120
WinVerse Limited,+44 161 821 0317
Aberla M&E,+44 161 518 6868
Progressive Living,+44 161 974 7442
Oak Construction Projects LTD,
Northern Group,+44 161 974 3232
My Manchester Builder,+44 161 850 5595
Rothwell Robinson Ltd,+44 161 790 9388
Garden Care Manchester,+44 161 823 0156
Help-Link,+44 161 826 0899
HOMEURGENCY,+44 800 093 5020
Newlookdriveways,+44 7708 638177
Paul Walsh construction Ltd,+44 7792 506846
Lusopak Property Ltd,+44 7949 580780
Brilliant painting and decorating,+44 7979 793837
Advanced Damp,+44 7510 149233
PlusHeat,+44 161 528 4555
Vayezi Construction Ltd,+44 7742 641014
YOURNXTDOOR LIMITED,
A A Manchester Plumbing & Heating Services,+44 7974 221070
